{
  "norm_stats": {
    "state": {
      "mean": [
        -0.30241918563842773,
        1.0884729623794556,
        0.8119460344314575,
        -0.6110026240348816,
        0.0009332949994131923,
        0.20034214854240417,
        0.5587151646614075,
        0.3061579167842865,
        1.148636817932129,
        0.8610279560089111,
        -0.6282788515090942,
        0.004226939287036657,
        0.19460344314575195,
        0.6895285248756409
      ],
      "std": [
        0.3361787796020508,
        0.9345470070838928,
        0.7229096293449402,
        0.5275432467460632,
        0.02200133167207241,
        0.7816725969314575,
        0.48391956090927124,
        0.33769112825393677,
        0.9513605833053589,
        0.7485330700874329,
        0.5306496620178223,
        0.03621244058012962,
        0.4995131492614746,
        0.44015783071517944
      ],
      "q01": [
        -1.1592302322387695,
        -1.813583730836399e-05,
        -3.3610936952754855e-05,
        -1.4608856439590454,
        -0.04774803668260574,
        -1.8232476711273193,
        0.0,
        -2.3844564566388726e-05,
        -1.9354150936123915e-05,
        -3.1321211281465366e-05,
        -1.4655534029006958,
        -0.04858086258172989,
        -1.275582194328308,
        0.0
      ],
      "q99": [
        0.003613982815295458,
        2.435915946960449,
        2.2437572479248047,
        1.6971260265563615e-05,
        0.07931946963071823,
        1.4208168983459473,
        1.0,
        1.0690191984176636,
        2.5509092807769775,
        2.3832223415374756,
        2.7463351216283627e-05,
        0.13071267306804657,
        1.3926976919174194,
        1.0
      ]
    },
    "actions": {
      "mean": [
        -0.3027336895465851,
        1.089224100112915,
        0.8125052452087402,
        -0.611452043056488,
        0.0009318426600657403,
        0.20046333968639374,
        0.5580564737319946,
        0.30649733543395996,
        1.1498405933380127,
        0.8618972897529602,
        -0.6289742588996887,
        0.004230904392898083,
        0.19475848972797394,
        0.6893563866615295
      ],
      "std": [
        0.33636605739593506,
        0.9344169497489929,
        0.7228378057479858,
        0.5275054574012756,
        0.022002918645739555,
        0.781937837600708,
        0.4839990437030792,
        0.3377293348312378,
        0.9510757923126221,
        0.7483245730400085,
        0.5305390357971191,
        0.03621333837509155,
        0.49984049797058105,
        0.44023191928863525
      ],
      "q01": [
        -1.1592292785644531,
        -1.813583730836399e-05,
        -3.3610936952754855e-05,
        -1.4530290365219116,
        -0.04780798777937889,
        -1.715050220489502,
        0.0,
        -2.3844564566388726e-05,
        -1.9354150936123915e-05,
        -3.1321211281465366e-05,
        -1.465880274772644,
        -0.05266539379954338,
        -1.2824257612228394,
        0.0
      ],
      "q99": [
        0.004250232595950365,
        2.4312357902526855,
        2.2306573390960693,
        1.6971260265563615e-05,
        0.07944253832101822,
        1.4208168983459473,
        1.0,
        1.0712653398513794,
        2.5495541095733643,
        2.3834192752838135,
        2.7463351216283627e-05,
        0.13249656558036804,
        1.3963836431503296,
        1.0
      ]
    }
  },
  "metadata": {
    "data_dir": "../RMBench/data/data",
    "task_config": "demo_clean",
    "split": "train",
    "train_episodes_per_task": 40,
    "eval_episodes_per_task": 10,
    "tasks": [
      "battery_try",
      "blocks_ranking_try",
      "classify_blocks",
      "cover_blocks",
      "observe_and_pickup",
      "place_block_mat",
      "press_button",
      "put_back_block",
      "rearrange_blocks",
      "storage_blocks",
      "swap_T",
      "swap_blocks"
    ],
    "num_episodes": 480,
    "num_steps": 337014,
    "state_dim": 14,
    "action_dim": 14,
    "labels": [
      "left_joint_0",
      "left_joint_1",
      "left_joint_2",
      "left_joint_3",
      "left_joint_4",
      "left_joint_5",
      "left_gripper",
      "right_joint_0",
      "right_joint_1",
      "right_joint_2",
      "right_joint_3",
      "right_joint_4",
      "right_joint_5",
      "right_gripper"
    ]
  }
}